title,company,location,link
Python/Django Developer - Corporate Sector | CCB Finance Technology,"JPMorgan Chase Bank, N.A.","Plano, TX",https://stackoverflow.com/jobs/542106
Django Backend Developer,Chaturbate,No office location,https://stackoverflow.com/jobs/544134
Backend Engineer (Python/ Django),Sector Labs,"Dubai, United Arab Emirates",https://stackoverflow.com/jobs/518496
Senior Python/Django Full-stack Developer,Apicbase Belgium,No office location,https://stackoverflow.com/jobs/515716
Senior Backend Developer (Django),Self Decode,No office location,https://stackoverflow.com/jobs/529107
Senior Full-stack Django and React Developer,Scalable Path,No office location,https://stackoverflow.com/jobs/536875
"Python Back End Developer (FastAPI, Django, Celery)","Daupler, Inc.","Kansas City, MO",https://stackoverflow.com/jobs/523350
Full Stack Python / Django for Awesome Saas,"Lead Sherpa, Inc.","Denver, CO",https://stackoverflow.com/jobs/522688
Full Stack Developer (Django + React),Self Decode,No office location,https://stackoverflow.com/jobs/524866
Python/Django Developer (Remote),Soshace LLC,No office location,https://stackoverflow.com/jobs/539487
Software Architect (Django/Flask + React),Self Decode,No office location,https://stackoverflow.com/jobs/522628
Backend developer (Python/Django) with a passion for open source,5 Monkeys Agency ABvia5 Monkeys Agency AB,"Göteborg, Sweden",https://stackoverflow.com/jobs/518076
Senior Developer (Python/Django)- Remote,JBS Custom Software Solutions,No office location,https://stackoverflow.com/jobs/528408
Backend developer (Python/Django) with a passion for open source,5 Monkeys Agency ABvia5 Monkeys Agency AB,"Stockholm, Sweden",https://stackoverflow.com/jobs/518075
Haussa Django -kehittäjiä ympäri Suomen,Sitowise,"Espoo, Finland",https://stackoverflow.com/jobs/488338
"Senior Back-End Engineer (Python, Django, AWS, React)",Tuune,"London, UK",https://stackoverflow.com/jobs/521987
Python/Django Developer (f/m/d),TeleClinic GmbH,"München, Deutschland",https://stackoverflow.com/jobs/514324
Django Engineer (human) for Germany's leading local marketing platform,RegioHelden GmbH,"Stuttgart, Germany",https://stackoverflow.com/jobs/540868
Full Stack Engineer (React & Django),Sector Labs,"Cluj-Napoca, Romania",https://stackoverflow.com/jobs/518486
"Senior Open Source Developer & DevOps (Python, Django, AWS, OpenStack)",OpenCraft,No office location,https://stackoverflow.com/jobs/453430
Backend Software Engineer,Chaturbate,"San Francisco, CA",https://stackoverflow.com/jobs/537944
Backend Developer,AudioValley,"Paris, France",https://stackoverflow.com/jobs/518186
Full Stack Software Engineer,"JPMorgan Chase Bank, N.A.","Plano, TX",https://stackoverflow.com/jobs/544716
Backend Engineer (Python/APIs),Belvo Technologies,No office location,https://stackoverflow.com/jobs/536582
Software Engineer,ComplyAdvantage,"London, UK",https://stackoverflow.com/jobs/527835
Backend Engineer (Python/APIs),Belvo Technologies,No office location,https://stackoverflow.com/jobs/536582
Développeur(se) Python Backend,Yescapa,"Bordeaux, France",https://stackoverflow.com/jobs/541264
Backend Developer,AudioValley,"Paris, France",https://stackoverflow.com/jobs/518186
Senior Python Engineer - Remote,SmileDirectClub,No office location,https://stackoverflow.com/jobs/538691
Python Backend Developer (m/w/d),sonnen GmbH,"Berlin, Deutschland",https://stackoverflow.com/jobs/530609
Senior Full Stack Developer,OnCall Health,"Toronto, ON, Canada",https://stackoverflow.com/jobs/522342
"Senior Software Engineer - Full-stack (Python, React)",Invitae Corporation,No office location,https://stackoverflow.com/jobs/522534
"Senior Backend Engineer, Infrastructure",Chaturbate,"Los Angeles, CA",https://stackoverflow.com/jobs/448419
Full-stack / front-end / back-end -kehittäjiä luomaan älykkäitä kaupunkeja,Sitowise,"Espoo, Finland",https://stackoverflow.com/jobs/488336
Senior Software Engineer,ComplyAdvantage,"London, UK",https://stackoverflow.com/jobs/504650
Senior Full Stack Software Engineer,BRG - The GAT Team,No office location,https://stackoverflow.com/jobs/535487
"Sr. Software Engineer, Data at Top Marketplace",StyleSeat,No office location,https://stackoverflow.com/jobs/542192
Help reinvent industrial supply! Full-Stack Developer position open in Mexico,Pentalog,"Guadalajara, Mexico",https://stackoverflow.com/jobs/536810
Full Stack React / Redux for Awesome Saas,"Lead Sherpa, Inc.","Denver, CO",https://stackoverflow.com/jobs/543935
Hiring Senior & Mid Software Engineers,Lightmatter,No office location,https://stackoverflow.com/jobs/523002
"Software Developers for our offices in Germany, France, and UK",Evotec SE,"Hamburg, Germany",https://stackoverflow.com/jobs/524299
Backend Developer (m/w/d),Octopus Energy,"Munich, Germany",https://stackoverflow.com/jobs/529736
Full Stack Engineer - Internal Tools,Apple,"San Diego, CA",https://stackoverflow.com/jobs/538111
React.js Frontend Developer (m/f/d) - Remote,social sweethearts® GmbH,No office location,https://stackoverflow.com/jobs/543494
Backend Developer,Octopus Energy,"London, UK",https://stackoverflow.com/jobs/197943
Python Backend Developer (m/f/d) Vollzeit / Teilzeit,Favox GmbH,"Hamburg, Deutschland",https://stackoverflow.com/jobs/516375
Senior Software Entwickler:in (m/w/d),DKMS gemeinnützige GmbH,"Tübingen, Deutschland",https://stackoverflow.com/jobs/543477
Senior Python Developer Remote (f/m/d),Ambient,No office location,https://stackoverflow.com/jobs/493874
Bioinformatician/Software Developer,Centogene GmbH,"Berlin, Germany",https://stackoverflow.com/jobs/535245
Senior Full-Stack Engineer (m/f/d) - SAP Business Process Intelligence,Signavio,"Berlin, Germany",https://stackoverflow.com/jobs/542181
React.js Frontend Developer (m/f/d) - Remote,social sweethearts® GmbH,No office location,https://stackoverflow.com/jobs/543494
Full-Stack Engineer (f/m/d),VoiceLine,"Munich, Germany",https://stackoverflow.com/jobs/522166
Backend Developer - APIs Team,Octopus Energy,"London, UK",https://stackoverflow.com/jobs/533658
Sr. Full Stack Engineer- Python,AutoTrader,"Toronto, ON, Canada",https://stackoverflow.com/jobs/529021
Sr. Software Engineer I - Account Takeover,Flashpoint,No office location,https://stackoverflow.com/jobs/541124
Bioinformatician/Software Developer,Centogene GmbH,"Beograd, Serbia",https://stackoverflow.com/jobs/535243
Back-End Developer (i.e. Python),Imaginary Cloud,No office location,https://stackoverflow.com/jobs/544000
Senior Software Engineer,Property Meld,No office location,https://stackoverflow.com/jobs/535574
Senior Software Engineers (fullstack/frontend),Kanopi,"Collingwood North, Australia",https://stackoverflow.com/jobs/522706
Senior Backend Engineer - Python,Cornershop,"São Paulo, Brazil",https://stackoverflow.com/jobs/515697
Software Engineer Forschungs­daten­infrastruktur (m/w/d),Robert Koch-Institut,"Wildau, Deutschland",https://stackoverflow.com/jobs/543873
Senior Backend Engineer,Pollen,"London, UK",https://stackoverflow.com/jobs/522622
Python Developer (Remote),Finsera,No office location,https://stackoverflow.com/jobs/524065
Principal Python Engineer,ComplyAdvantage,"London, UK",https://stackoverflow.com/jobs/504216
Intertoob Scanner Builder (Fullstack Engineer),Carve Systems,"Golden, CO",https://stackoverflow.com/jobs/517498
Sr. Fullstack Python Engineer at Top Marketplace,StyleSeat,No office location,https://stackoverflow.com/jobs/522691
React Front End Developer,"Daupler, Inc.","Kansas City, MO",https://stackoverflow.com/jobs/523351
Senior Backend Engineer - Python - México,Cornershop by Uber,No office location,https://stackoverflow.com/jobs/526139
Senior Full Stack Engineer,Sector Labs,"Cluj-Napoca, Romania",https://stackoverflow.com/jobs/517510
Senior Full Stack Engineer (Remote),Sector Labs,No office location,https://stackoverflow.com/jobs/517508
Python Engineer (f/m/x),AUTO1,"Berlin, Germany",https://stackoverflow.com/jobs/529846
(Senior) Backend Python Developer (m/f/x),Alasco,"München, Germany",https://stackoverflow.com/jobs/388312
Senior Software Developer Python (m/f/d),Ströer Online Marketing,"Hamburg, Deutschland",https://stackoverflow.com/jobs/462625
Senior Software Developer (Full Stack),Jewel Paymentech Pte Ltd,Singapore,https://stackoverflow.com/jobs/534474
Fullstack Developer (f/m/d),TeleClinic GmbH,"München, Deutschland",https://stackoverflow.com/jobs/508937
Remote Backend Engineer - Spring - Leading Platform for Online Creators,SpringviaSource Coders,No office location,https://stackoverflow.com/jobs/530026
Senior Software Developer (Full Stack),Jewel Paymentech Pte Ltd,Singapore,https://stackoverflow.com/jobs/534474
Sr. Fullstack Python Engineer at Top Marketplace,StyleSeat,No office location,https://stackoverflow.com/jobs/522691
Fullstack Developer (f/m/d),TeleClinic GmbH,"München, Deutschland",https://stackoverflow.com/jobs/508937
Senior Python Developer,Marketer Technologies AS,"Oslo, Norway",https://stackoverflow.com/jobs/518200
Senior Backend Engineer,Penn Interactive Ventures,"Philadelphia, PA",https://stackoverflow.com/jobs/472047
Senior Full Stack / Back-End App Developer,Arva Intelligence,No office location,https://stackoverflow.com/jobs/517111
Remote Fullstack Entwicklerin (m/w/d),Ambient,"Köln, Deutschland",https://stackoverflow.com/jobs/536559
Senior Software Developer Python (m/f/d),Ströer Online Marketing,"Hamburg, Deutschland",https://stackoverflow.com/jobs/462625
Python Developer - REMOTE WORK,BairesDev LLC,No office location,https://stackoverflow.com/jobs/544025
Full Stack Engineer - Javascript/Python,Zumper,No office location,https://stackoverflow.com/jobs/446582
Python Developer (Remote),X-Team,No office location,https://stackoverflow.com/jobs/534454
Web Developer (Full Stack),Singapore Innovate Pte. Ltd,Singapore,https://stackoverflow.com/jobs/533656
Backend Engineer,Density,No office location,https://stackoverflow.com/jobs/528230
(Senior) DevOps Cloud / AWS Engineer (m/f/x),Alasco,"München, Germany",https://stackoverflow.com/jobs/521980
Technical Lead (Backend) (M/F/D),VMRay,"Bochum, Deutschland",https://stackoverflow.com/jobs/443585
Frontend Engineer (f/m/d),VoiceLine,"Munich, Germany",https://stackoverflow.com/jobs/522164
Engineering Manager (Remote-LatAm),Loadsmart,No office location,https://stackoverflow.com/jobs/536851
Full Stack Developer (Python) - Security Solutions,Bromium UK Limited,"Cambridge, UK",https://stackoverflow.com/jobs/528766
Senior Full Stack Engineer,BenchSci,"Toronto, ON, Canada",https://stackoverflow.com/jobs/520675
Senior Python Developer,"Gorilla Logic, Inc.","Medellín, Colombia",https://stackoverflow.com/jobs/519609
Junior Frontend Developer needed to save the planet,The Sustainables BV,"Amsterdam, Netherlands",https://stackoverflow.com/jobs/544010
Senior Software Engineer (m/w/d) Python,Cornelsen Verlag GmbH,"Berlin, Deutschland",https://stackoverflow.com/jobs/537066
Software Engineer at Sustainable Startup,Hades Technologies AG,"Zürich, Switzerland",https://stackoverflow.com/jobs/540859
Backend Software Engineer,Actio,"Berlin, Germany",https://stackoverflow.com/jobs/534710
"React/Vue Engineer, Digital Consumer Products, fully remote",Superformula,No office location,https://stackoverflow.com/jobs/461414
SAP BW Engineer - SAP Business Intelligence Supply Chain Management (m/w/d),ALDI International Services GmbH & Co. oHG,"Mülheim, Germany",https://stackoverflow.com/jobs/544751
Software Engineer - Frontend,ZALORA,"Ho Chi Minh City, Vietnam",https://stackoverflow.com/jobs/536783
Release & Deployment Manager (m/w/x),ALDI International Services GmbH & Co. oHG,"Mülheim, Germany",https://stackoverflow.com/jobs/531437
IT-Business Analyst - Supply Chain Modelling / LLamasoft (m/w/x),ALDI International Services GmbH & Co. oHG,"Mülheim, Germany",https://stackoverflow.com/jobs/531440
Senior Python Engineer,Huxley Banking & Financial ServicesviaHuxley (US),"Boston, MA",https://stackoverflow.com/jobs/524663
Solution Architect eCommerce (m/w/x),ALDI International Services GmbH & Co. oHG,"Mülheim, Germany",https://stackoverflow.com/jobs/534959
Senior Fullstack Developer / Software Developer,Flo Energy,Singapore,https://stackoverflow.com/jobs/448287
Senior Node.js Developer,Jibble,No office location,https://stackoverflow.com/jobs/543509
Lead Software Engineer - Hypergrowth Biotech startup helping dogs!,Embark Veterinary Inc.,"Boston, MA",https://stackoverflow.com/jobs/510445
IT Service Management Consultant (m/w/x),ALDI International Services GmbH & Co. oHG,"Mülheim, Germany",https://stackoverflow.com/jobs/531480
Full Stack Software Engineer - ESG - AM Research Technology,"JPMorgan Chase Bank, N.A.","London, UK",https://stackoverflow.com/jobs/542993
DevOps Engineer,Actio,"Berlin, Germany",https://stackoverflow.com/jobs/536312
Senior Front End developer,Apicbase Belgium,No office location,https://stackoverflow.com/jobs/526988
Full Stack Software Engineer - ESG - AM Research Technology,"JPMorgan Chase Bank, N.A.","London, UK",https://stackoverflow.com/jobs/543832
Software Engineer - Hypergrowth Biotech startup helping dogs!,Embark Veterinary Inc.,"Boston, MA",https://stackoverflow.com/jobs/526658
Senior Fullstack Developer with strong Front End capabilities,Mimecast,"Torun, Poland",https://stackoverflow.com/jobs/529874
Senior Frontend Engineer - Databento (Fully Remote),Unusual Ventures,No office location,https://stackoverflow.com/jobs/524277
PostgreSQL DBA,CYBERTEC PostgreSQL International GmbH,"Wöllersdorf, Österreich",https://stackoverflow.com/jobs/519473
Engineering Manager,ZALORA,Singapore,https://stackoverflow.com/jobs/535352
Senior Full Stack Software Engineer - ESG - AM Research Technology,"JPMorgan Chase Bank, N.A.","London, UK",https://stackoverflow.com/jobs/541757
Senior Software Engineer,ZALORA,"Quận 4, Vietnam",https://stackoverflow.com/jobs/512674
Junior DevOps / Cloud Engineer,Werum IT Solutions - inCyght Data Science,No office location,https://stackoverflow.com/jobs/492547
"Senior Python Engineer, Backend (Remote)",AssemblyAI,"San Francisco, CA",https://stackoverflow.com/jobs/540026
Digital - API - Lead Software Engineer - SDKs and Connectors,FactSet,"Boston, MA",https://stackoverflow.com/jobs/465686
"Full-Stack Developer: renewable energy platform back-end | Node.js, TypeScript",SennenviaTechfolk Ltd,No office location,https://stackoverflow.com/jobs/539493
Digital - API - Lead Software Engineer - SDKs and Connectors,FactSet,"Boston, MA",https://stackoverflow.com/jobs/465686
Junior DevOps / Cloud Engineer,Werum IT Solutions - inCyght Data Science,No office location,https://stackoverflow.com/jobs/492547
Senior React Developer (m/f/d) - Remote,social sweethearts® GmbH,No office location,https://stackoverflow.com/jobs/543497
Principal Software Engineer,ZALORA,"Phường 13, Vietnam",https://stackoverflow.com/jobs/521978
Junior Developer,Imaginary Cloud,No office location,https://stackoverflow.com/jobs/543678
Full Stack Developer with an interest in FinTech,Isabel Group,"Leuven, Belgium",https://stackoverflow.com/jobs/535497
Front-End Developer,Imaginary Cloud,No office location,https://stackoverflow.com/jobs/544748
Java Fullstack Developer (m/f/d) – Remote in Europe possible,Proemion,No office location,https://stackoverflow.com/jobs/538113
C# Software Developer,"Confluence Technologies, Inc.","Cape Town, South Africa",https://stackoverflow.com/jobs/529676
"SENIOR FULL-STACK DEV WITH RUBY / PYTHON / REACT NATIVE -- 100% REMOTE, FLEXIBLE",Analytics Fire,No office location,https://stackoverflow.com/jobs/517987
"Backend Engineer (Node/Terraform/AWS), Digital Products (remote)",Superformula,No office location,https://stackoverflow.com/jobs/461416
Database Developer -PostgreSQL,"Confluence Technologies, Inc.","London, UK",https://stackoverflow.com/jobs/537695
Software Engineer_Backend,DKatalis,"Pune, India",https://stackoverflow.com/jobs/522566
Senior Engineer - Typescript (f/m/d),Forto GmbH,"Berlin, Germany",https://stackoverflow.com/jobs/529324
Software Engineer (Backend) (m/f/d),QuantCo,"Berlin, Germany",https://stackoverflow.com/jobs/409511
IT-Business Analyst Warehouse Management Systems (m/w/x),ALDI International Services GmbH & Co. oHG,"Mülheim, Germany",https://stackoverflow.com/jobs/531435
IT Business Analyst Supply Chain Management (m/w/x),ALDI International Services GmbH & Co. oHG,"Mülheim, Germany",https://stackoverflow.com/jobs/531434
Fullstack Python Developer,Cegeka Group,"Hasselt, Belgium",https://stackoverflow.com/jobs/529616
"Remote Senior Software Engineer, Python",Verys,No office location,https://stackoverflow.com/jobs/543317
Database Engineer - Aurora PostgreSQL,"Confluence Technologies, Inc.","Cape Town, South Africa",https://stackoverflow.com/jobs/534058
Full Stack Software Engineer,European Bioinformatics Institute (EMBL-EBI),"Hinxton, UK",https://stackoverflow.com/jobs/541680
IT Support Manager,SubjectWell,"Austin, TX",https://stackoverflow.com/jobs/544689
Database Engineer,ZALORA,"Kuala Lumpur, Malaysia",https://stackoverflow.com/jobs/522390
Business Software Engineer,"JPMorgan Chase Bank, N.A.","Jersey City, NJ",https://stackoverflow.com/jobs/544617
Backend Developer (Work remotely anywhere in Europe),InterNations,"Munich, Germany",https://stackoverflow.com/jobs/544513
"Software Engineer, Backend",AllTrails,No office location,https://stackoverflow.com/jobs/541113
C# Software Developer,"Confluence Technologies, Inc.","Cape Town, South Africa",https://stackoverflow.com/jobs/529676
Front End Developer,"Confluence Technologies, Inc.","Cape Town, South Africa",https://stackoverflow.com/jobs/543602
(Junior) Frontend React Engineer (m/f/x),Alasco,"München, Germany",https://stackoverflow.com/jobs/348995
Senior Software Engineer - Pet Profiles - R10199,"Chewy, Inc.","Seattle, WA",https://stackoverflow.com/jobs/524625
"Full-Stack Developer: renewable energy platform back-end | Node.js, TypeScript",SennenviaTechfolk Ltd,No office location,https://stackoverflow.com/jobs/539493
Back-End Engineer: Java & Python | cloud-native provisioning & orchestration,YellowDogviaTechfolk Ltd,"Bristol, UK",https://stackoverflow.com/jobs/541070
Full Stack Developer,Ensign InfoSecurity (Cybersecurity) Pte Ltd,Singapore,https://stackoverflow.com/jobs/534276
"Software Engineer, Bioinformatics - Hypergrowth Biotech startup helping dogs!",Embark Veterinary Inc.,"Boston, MA",https://stackoverflow.com/jobs/526659
Node.js Engineer (m/f/d),Fashion Cloud,"Amsterdam, Netherlands",https://stackoverflow.com/jobs/460037
Software Engineering,"JPMorgan Chase Bank, N.A.","Jersey City, NJ",https://stackoverflow.com/jobs/544321
IT Business Analyst - eCommerce Supply Chain (m/w/x),ALDI International Services GmbH & Co. oHG,"Mülheim, Germany",https://stackoverflow.com/jobs/531441
Back-End Developer (i.e. Node.js),Imaginary Cloud,No office location,https://stackoverflow.com/jobs/543352
Front End Developer,Greenhost,"Amsterdam, Netherlands",https://stackoverflow.com/jobs/524919
Python Backend Engineer,Skillhouse Staffing Solutions,"Tokyo, Japan",https://stackoverflow.com/jobs/465919
Senior Full Stack Engineer,Versatile Natures,"Tel Aviv-Yafo, Israel",https://stackoverflow.com/jobs/513775
Javascript Developer (React.js/Node.js),Imaginary Cloud,No office location,https://stackoverflow.com/jobs/544497
"Senior Software Engineer, UI- Pet Health- R8094","Chewy, Inc.","Minneapolis, MN",https://stackoverflow.com/jobs/513973
"Senior Software Engineer, UI - Pet Health-R8094","Chewy, Inc.","Boston, MA",https://stackoverflow.com/jobs/513971
Software Engineer – React,LifeOmic,"Indianapolis, IN",https://stackoverflow.com/jobs/519007
"100% Remote | Senior React, React Native, or Node Developer | Forever Remote",G2i Inc,No office location,https://stackoverflow.com/jobs/516148
Senior Technical Manager - Global Fintech,Tutuka,No office location,https://stackoverflow.com/jobs/539869
Lead WordPress Engineer,XWP,No office location,https://stackoverflow.com/jobs/513454
Node.js Engineer (m/f/d),Fashion Cloud,"Hamburg, Germany",https://stackoverflow.com/jobs/521823
Sr. Full Stack Developer in MedTech (m/f/d) - (Help build new team),Smart Reporting GmbH,"State of Minas Gerais, Brazil",https://stackoverflow.com/jobs/331710
Node.js Engineer (m/f/d),Fashion Cloud,"Hamburg, Germany",https://stackoverflow.com/jobs/521823
Senior Technical Manager - Global Fintech,Tutuka,No office location,https://stackoverflow.com/jobs/539869
DevOps Engineer - enable the delivery of bioinformatics training courses,European Bioinformatics Institute (EMBL-EBI),"Hinxton, UK",https://stackoverflow.com/jobs/537904
Senior Node/React Full-Stack Developer,"Gorilla Logic, Inc.",No office location,https://stackoverflow.com/jobs/523491
Senior Backend Developer,Scripbox,"Bengaluru, India",https://stackoverflow.com/jobs/129385
"Senior Software Engineer, iOS / Swift/ Remote",The RealReal,No office location,https://stackoverflow.com/jobs/541120
Principal Software Engineer- R9380,"Chewy, Inc.","Boston, MA",https://stackoverflow.com/jobs/526633
Experienced Java Software Engineer (f/m/d),Transporeon GmbH,"Ulm, Germany",https://stackoverflow.com/jobs/534482
Senior Software Engineer - Personalization & Recommendation - R11102,"Chewy, Inc.","Seattle, WA",https://stackoverflow.com/jobs/524623
UI Developer,"JPMorgan Chase Bank, N.A.","Chicago, IL",https://stackoverflow.com/jobs/543546
Senior Software Engineer - Analytics,NowPow,"Chicago, IL",https://stackoverflow.com/jobs/543606
Software-/ Data Engineer (m/w/d),DJE Kapital AG',"Pullach, Germany",https://stackoverflow.com/jobs/533098
Engineering Lead - Cairo - Egypt,Vezeeta,"Masr Al Jadidah, Egypt",https://stackoverflow.com/jobs/373791
Forever Remote Position | 100% Remote Node Engineer | G2i Collective,G2i Inc,No office location,https://stackoverflow.com/jobs/405883
Principal Software Engineer (R9380),"Chewy, Inc.","Minneapolis, MN",https://stackoverflow.com/jobs/526632
Senior Full Stack Engineer,Balto Software,No office location,https://stackoverflow.com/jobs/478822
Senior Software Engineer (PHP) - Finance,NFQ Technologies,"Vilnius, Lithuania",https://stackoverflow.com/jobs/500618
Senior WordPress Engineer (Remote),XWP,No office location,https://stackoverflow.com/jobs/507941
(Senior) Frontend React Developer (m/f/x),Alasco,"München, Germany",https://stackoverflow.com/jobs/388313
Senior DevOps Systems Engineer,"Ciber Global, LLC","Orlando, FL",https://stackoverflow.com/jobs/519223
Proficient PHP/Symfony Developer,roadsurfer GmbH,"München, Deutschland",https://stackoverflow.com/jobs/497587
Frontend Engineer - Join us and help build revolutionary cancer therapies,Anocca AB,"Stockholm, Sweden",https://stackoverflow.com/jobs/528389
"Full Stack Developer, CMS","U.S. News & World Report, Inc.",No office location,https://stackoverflow.com/jobs/468941
Full Stack Java Developer,"Ciber Global, LLC",No office location,https://stackoverflow.com/jobs/535335
Proficient PHP/Symfony Developer,roadsurfer GmbH,"München, Deutschland",https://stackoverflow.com/jobs/497587
Software-/ Data Engineer (m/w/d),DJE Kapital AG',"Pullach, Germany",https://stackoverflow.com/jobs/533098
Senior Backend Developer,Scripbox,"Bengaluru, India",https://stackoverflow.com/jobs/129385
"Senior Software Engineer, iOS / Swift/ Remote",The RealReal,No office location,https://stackoverflow.com/jobs/541120
Software Engineer (Ruby/Python/Go Lang),On,"Berlin, Germany",https://stackoverflow.com/jobs/486363
Tools Developer,Apple,"Cupertino, CA",https://stackoverflow.com/jobs/544047
Senior DevOps Systems Engineer,"Ciber Global, LLC","Orlando, FL",https://stackoverflow.com/jobs/519223
Senior Software Engineer - Analytics,NowPow,"Chicago, IL",https://stackoverflow.com/jobs/543606
Full Stack Java Developer,"Ciber Global, LLC",No office location,https://stackoverflow.com/jobs/535335
Front-end Developer,Brainomix,"Oxford, UK",https://stackoverflow.com/jobs/516349
Full Stack Engineer- Marketing Engineering (CMS)-R8172,"Chewy, Inc.","Seattle, WA",https://stackoverflow.com/jobs/509445
Oracle Cloud Functional Developer-R9043,"Chewy, Inc.","Boston, MA",https://stackoverflow.com/jobs/535299
Staff Software Engineer - Discovery Technology - R11336,"Chewy, Inc.","Seattle, WA",https://stackoverflow.com/jobs/526407
Frontenddeveloper with vue.js / Experienced with TDD and Docker,roadsurfer GmbH,"München, Deutschland",https://stackoverflow.com/jobs/504968
"Engineering Manager, Elixir Dev Team, 100% remote",The RealReal,No office location,https://stackoverflow.com/jobs/530707
Software Developer - Fintech,Tutuka,No office location,https://stackoverflow.com/jobs/541975
Oracle Cloud Functional Developer-R9043,"Chewy, Inc.","Dania Beach, FL",https://stackoverflow.com/jobs/535300
Software Engineer (TypeScript),On,"Berlin, Germany",https://stackoverflow.com/jobs/537829
Head of Engineering- Virtual Bundling (R8532),"Chewy, Inc.","Minneapolis, MN",https://stackoverflow.com/jobs/519119
Staff Software Engineer - Javascript,Storable,No office location,https://stackoverflow.com/jobs/539531
SW developer for business intelligence tools,Intel Corporation,"Guadalajara, Mexico",https://stackoverflow.com/jobs/529916
Product Designer UX/UI (m/f/d) - Hamburg or Amsterdam,Fashion Cloud,"Hamburg, Germany",https://stackoverflow.com/jobs/524819
"Java Engineer, Delivery Experience-R8564","Chewy, Inc.","Boston, MA",https://stackoverflow.com/jobs/527582
Experienced Ruby Developer,SimplePay,No office location,https://stackoverflow.com/jobs/516780
Software Engineer II - Android,Outside,No office location,https://stackoverflow.com/jobs/531580
Senior Android Engineer,Livefront,"Minneapolis, MN",https://stackoverflow.com/jobs/521510
Product Designer UX/UI (m/f/d) - Hamburg or Amsterdam,Fashion Cloud,"Hamburg, Germany",https://stackoverflow.com/jobs/524819
"Java Engineer, Delivery Experience-R8564","Chewy, Inc.","Boston, MA",https://stackoverflow.com/jobs/527582
Software Engineer,General Dynamics UK,No office location,https://stackoverflow.com/jobs/527169
Senior BI Developer,BET Software,"Umhlanga, South Africa",https://stackoverflow.com/jobs/531183
Experienced Ruby Developer,SimplePay,No office location,https://stackoverflow.com/jobs/516780
Software Engineer II - Android,Outside,No office location,https://stackoverflow.com/jobs/531580
Python Software Engineer- Network Support,"JPMorgan Chase Bank, N.A.","Plano, TX",https://stackoverflow.com/jobs/542051
Data Engineer (Data Warehouse),NFQ Technologies,"Vilnius, Lithuania",https://stackoverflow.com/jobs/530433
Backenddeveloper with PHP / Symfony 4,roadsurfer GmbH,"München, Deutschland",https://stackoverflow.com/jobs/504969
"Senior Data Engineer, Storefront Experience-R9198","Chewy, Inc.","Boston, MA",https://stackoverflow.com/jobs/509447
Enterprise Security Architect,AIRBUS,"Caerleon, UK",https://stackoverflow.com/jobs/539761
"Software Development Manager, Content & Blogging Platform (R8214)","Chewy, Inc.","Minneapolis, MN",https://stackoverflow.com/jobs/523906
Lead Product Designer,OneMain Financial,"Charlotte, NC",https://stackoverflow.com/jobs/530693
Senior Backend & MLOps Engineer (m/f/d),Motius GmbH,"München, Deutschland",https://stackoverflow.com/jobs/510711
Staff Software Engineer - OPEN TO REMOTE,The RealReal,No office location,https://stackoverflow.com/jobs/530699
Senior Platform Engineer,Aiven Australia Pty Ltd,"The Rocks, Australia",https://stackoverflow.com/jobs/483232
Senior Solution Architect (m/f/d) Web/App Solutions,Motius GmbH,"München, Deutschland",https://stackoverflow.com/jobs/540020
Product Designer,Kinsta,No office location,https://stackoverflow.com/jobs/544540
Computer Scientist / IT Specialist as developer (m/f) Ruby on Rails,Hüttig & Rompf AG,"Frankfurt am Main, Deutschland",https://stackoverflow.com/jobs/143409
Senior .Net Developer,Inversion Limited,No office location,https://stackoverflow.com/jobs/391600
Principal Full Stack Engineer,Sector Labs,"Cluj-Napoca, Romania",https://stackoverflow.com/jobs/517511
Java DevOps Software Engineer,"JPMorgan Chase Bank, N.A.","Glasgow, UK",https://stackoverflow.com/jobs/542304
Senior Machine Learning Engineer,StyleSeat,No office location,https://stackoverflow.com/jobs/530297
Data Scientist / Senior Data Scientist (Jakarta or Singapore),Lynx Analytics,Singapore,https://stackoverflow.com/jobs/408159
Full Stack Web Engineer - SPG,Apple,"Cupertino, CA",https://stackoverflow.com/jobs/539453
Principal Software Engineer (Fully Remote) E-Comm experience required,The RealReal,"San Francisco, CA",https://stackoverflow.com/jobs/524509
Data Engineer / Senior Data Engineer (Singapore),Lynx Analytics,Singapore,https://stackoverflow.com/jobs/434352
Senior Frontend Developer,scoutbee GmbH,"Berlin, Germany",https://stackoverflow.com/jobs/432930
Technical Software Engineer Lead - (with Architecture knowledge) - Vice President...,"JPMorgan Chase Bank, N.A.","Bournemouth, UK",https://stackoverflow.com/jobs/541760
Cloud Engineer,QuantSpark,"London, UK",https://stackoverflow.com/jobs/541506
Laravel Jedi,Creative Force Ltd,No office location,https://stackoverflow.com/jobs/527987
Product Designer,Kinsta,No office location,https://stackoverflow.com/jobs/544540
Backend Engineer,Akselos S.A.,"Lausanne, Switzerland",https://stackoverflow.com/jobs/519931
Java DevOps Software Engineer,"JPMorgan Chase Bank, N.A.","Glasgow, UK",https://stackoverflow.com/jobs/542304
Linux System Administrator,Vail Systems Inc.,"Deerfield, IL",https://stackoverflow.com/jobs/528217
Data Science and Analytics Engineer,MITRE,"McLean, VA",https://stackoverflow.com/jobs/523959
HPC Engineer,European Bioinformatics Institute (EMBL-EBI),"Hinxton, UK",https://stackoverflow.com/jobs/517383
Software Engineer II,"Wikimedia Foundation, Inc.",No office location,https://stackoverflow.com/jobs/541529
"Associate Engineering Manager, Ruby/Elixir, Remote",The RealReal,No office location,https://stackoverflow.com/jobs/535046
Network Engineer,The RealReal,"Phoenix, AZ",https://stackoverflow.com/jobs/536588
Senior Information Assurance (IA) Security Architect,AIRBUS,"Caerleon, UK",https://stackoverflow.com/jobs/539763
Enterprise & Cloud Security Engineer - REMOTE OK,The RealReal,"San Francisco, CA",https://stackoverflow.com/jobs/536113
Senior Game Programmer,Double Eleven,"Kuala Lumpur, Malaysia",https://stackoverflow.com/jobs/527744
Staff Software Engineer (Ruby OR  Elixir OR Erlang),The RealReal,No office location,https://stackoverflow.com/jobs/523471
Senior Cyber Defense Engineer,The RealReal,No office location,https://stackoverflow.com/jobs/530709
Staff Engineer - Frontend,BenchSci,"Toronto, ON, Canada",https://stackoverflow.com/jobs/520677
